CITY,STATE,COUNTRY
Aberdeen,SD,USA
Abilene,TX,USA
Adak,AK,USA
Agana,GU,USA
Aguadilla,PR,USA
Akron,OH,USA
Albany,GA,USA
Albany,NY,USA
Albuquerque,NM,USA
Alexandria,LA,USA
Allentown,PA,USA
Alpena,MI,USA
Amarillo,TX,USA
Anchorage,AK,USA
Appleton,WI,USA
Arcata/Eureka,CA,USA
Arlington,VA,USA
Asheville,NC,USA
Aspen,CO,USA
Atlanta,GA,USA
Atlantic City,NJ,USA
Augusta,GA,USA
Austin,TX,USA
Bakersfield,CA,USA
Baltimore,MD,USA
Bangor,ME,USA
Barrow,AK,USA
Baton Rouge,LA,USA
Beaumont/Port Arthur,TX,USA
Bellingham,WA,USA
Bemidji,MN,USA
Bethel,AK,USA
Billings,MT,USA
Binghamton,NY,USA
Birmingham,AL,USA
Bismarck,ND,USA
Bloomington,IL,USA
Boise,"ID",USA
Boston,MA,USA
Bozeman,MT,USA
Brainerd,MN,USA
Bristol,TN,USA
Brownsville,TX,USA
Brunswick,GA,USA
Buffalo,NY,USA
Burbank,CA,USA
Burlington,VT,USA
Butte,MT,USA
Casper,WY,USA
Cedar City,UT,USA
Cedar Rapids,IA,USA
Champaign/Urbana,IL,USA
Chantilly,VA,USA
Charleston,SC,USA
Charleston,WV,USA
Charlotte,NC,USA
Charlotte Amalie,VI,USA
Charlottesville,VA,USA
Chattanooga,TN,USA
Chicago,IL,USA
Christiansted,VI,USA
Cleveland,OH,USA
Cody,WY,USA
College Station,TX,USA
Colorado Springs,CO,USA
Columbia,SC,USA
Columbia,MO,USA
Columbus,OH,USA
Columbus,GA,USA
Columbus-Starkville-West Point,MS,USA
Cordova,AK,USA
Corpus Christi,TX,USA
Covington,KY,USA
Crescent City,CA,USA
Dallas,TX,USA
Dallas-Fort Worth,TX,USA
Dayton,OH,USA
Daytona Beach,FL,USA
Deadhorse,AK,USA
Denver,CO,USA
Des Moines,IA,USA
Detroit,MI,USA
Devils Lake,ND,USA
Dickinson,ND,USA
Dillingham,AK,USA
Dothan,AL,USA
Dubuque,IA,USA
Duluth,MN,USA
Durango,CO,USA
Eagle,CO,USA
Eau Claire,WI,USA
El Paso,TX,USA
Elko,NV,USA
Elmira,NY,USA
Erie,PA,USA
Escanaba,MI,USA
Eugene,OR,USA
Evansville,IN,USA
Fairbanks,AK,USA
Fargo,ND,USA
Fayetteville,NC,USA
Fayetteville/Springdale/Rogers,AR,USA
Flagstaff,AZ,USA
Flint,MI,USA
Fort Smith,AR,USA
Fort Wayne,IN,USA
Fresno,CA,USA
Ft. Lauderdale,FL,USA
Ft. Myers,FL,USA
Gainesville,FL,USA
Garden City,KS,USA
Gillette,WY,USA
Grand Forks,ND,USA
Grand Island,NE,USA
Grand Junction,CO,USA
Grand Rapids,MI,USA
Great Falls,MT,USA
Green Bay,WI,USA
Greensboro,NC,USA
Greer,SC,USA
Gulfport-Biloxi,MS,USA
Gunnison,CO,USA
Gustavus,AK,USA
Hailey,"ID",USA
Hancock,MI,USA
Harlingen,TX,USA
Harrisburg,PA,USA
Hattiesburg-Laurel,MS,USA
Hayden,CO,USA
Hays,KS,USA
Helena,MT,USA
Hibbing,MN,USA
Hilo,HI,USA
Hobbs,NM,USA
Honolulu,HI,USA
Houston,TX,USA
Huntsville,AL,USA
Hyannis,MA,USA
Idaho Falls,"ID",USA
Indianapolis,IN,USA
International Falls,MN,USA
Iron Mountain/Kingsford,MI,USA
Islip,NY,USA
Ithaca,NY,USA
Jackson,WY,USA
Jackson,MS,USA
Jacksonville,FL,USA
Jacksonville,NC,USA
Jamestown,ND,USA
Joplin,MO,USA
Juneau,AK,USA
Kahului,HI,USA
Kailua/Kona,HI,USA
Kalamazoo,MI,USA
Kalispell,MT,USA
Kansas City,MO,USA
Ketchikan,AK,USA
Key West,FL,USA
Killeen,TX,USA
King Salmon,AK,USA
Knoxville,TN,USA
Kodiak,AK,USA
Kotzebue,AK,USA
La Crosse,WI,USA
Lafayette,LA,USA
Lake Charles,LA,USA
Lansing,MI,USA
Laramie,WY,USA
Laredo,TX,USA
Las Vegas,NV,USA
Latrobe,PA,USA
Lawton,OK,USA
Lewiston,"ID",USA
Lexington,KY,USA
Lihue,HI,USA
Lincoln,NE,USA
Little Rock,AR,USA
Long Beach,CA,USA
Longview,TX,USA
Los Angeles,CA,USA
Louisville,KY,USA
Lubbock,TX,USA
Madison,WI,USA
Mammoth Lakes,CA,USA
Manchester,NH,USA
Manhattan,KS,USA
Marquette,MI,USA
Marthas Vineyard,MA,USA
McAllen,TX,USA
Medford,OR,USA
Melbourne,FL,USA
Memphis,TN,USA
Meridian,MS,USA
Miami,FL,USA
Midland,TX,USA
Milwaukee,WI,USA
Minneapolis,MN,USA
Minot,ND,USA
Missoula,MT,USA
Moab,UT,USA
Mobile,AL,USA
Moline,IL,USA
Monroe,LA,USA
Monterey,CA,USA
Montgomery,AL,USA
Montrose,CO,USA
Mosinee,WI,USA
Muskegon,MI,USA
Myrtle Beach,SC,USA
Nantucket,MA,USA
Nashville,TN,USA
New Bern,NC,USA
New Orleans,LA,USA
New York,NY,USA
Newark,NJ,USA
Newburgh,NY,USA
Newport News,VA,USA
Niagara Falls,NY,USA
Nome,AK,USA
Norfolk,VA,USA
North Bend,OR,USA
Oakland,CA,USA
Oklahoma City,OK,USA
Omaha,NE,USA
Ontario,CA,USA
Orlando,FL,USA
Paducah,KY,USA
Pago Pago,AS,USA
Palm Springs,CA,USA
Panama City,FL,USA
Pasco,WA,USA
Pellston,MI,USA
Pensacola,FL,USA
Peoria,IL,USA
Petersburg,AK,USA
Philadelphia,PA,USA
Phoenix,AZ,USA
Pittsburgh,PA,USA
Plattsburgh,NY,USA
Pocatello,"ID",USA
Ponce,PR,USA
Portland,OR,USA
Portland,ME,USA
Providence,RI,USA
Pueblo,CO,USA
Raleigh,NC,USA
Rapid City,SD,USA
Redding,CA,USA
Redmond,OR,USA
Reno,NV,USA
Rhinelander,WI,USA
Richmond,VA,USA
Roanoke,VA,USA
Rochester,NY,USA
Rochester,MN,USA
Rock Springs,WY,USA
Roswell,NM,USA
Sacramento,CA,USA
Saginaw,MI,USA
Salt Lake City,UT,USA
San Angelo,TX,USA
San Antonio,TX,USA
San Diego,CA,USA
San Francisco,CA,USA
San Jose,CA,USA
San Juan,PR,USA
San Luis Obispo,CA,USA
Santa Ana,CA,USA
Santa Barbara,CA,USA
Santa Fe,NM,USA
Santa Maria,CA,USA
Sarasota,FL,USA
Sault Ste. Marie,MI,USA
Savannah,GA,USA
Seattle,WA,USA
Shreveport,LA,USA
Sioux City,IA,USA
Sioux Falls,SD,USA
Sitka,AK,USA
South Bend,IN,USA
Spokane,WA,USA
Springfield,MO,USA
Springfield,IL,USA
St Cloud,MN,USA
St George,UT,USA
St Louis,MO,USA
St. Augustine,FL,USA
State College,PA,USA
Syracuse,NY,USA
Tallahassee,FL,USA
Tampa,FL,USA
Texarkana,AR,USA
Toledo,OH,USA
Traverse City,MI,USA
Trenton,NJ,USA
Tucson,AZ,USA
Tulsa,OK,USA
Twin Falls,"ID",USA
Tyler,TX,USA
Valdosta,GA,USA
Valparaiso,FL,USA
Vernal,UT,USA
Waco,TX,USA
Waterloo,IA,USA
West Palm Beach,FL,USA
West Yellowstone,MT,USA
White Plains,NY,USA
Wichita,KS,USA
Wichita Falls,TX,USA
Wilkes-Barre/Scranton,PA,USA
Williston,ND,USA
Wilmington,DE,USA
Wilmington,NC,USA
Windsor Locks,CT,USA
Worcester,MA,USA
Wrangell,AK,USA
Yakutat,AK,USA
Yuma,AZ,USA